﻿<?xml version="1.0" encoding="UTF-8"?>
<!DOCTYPE plist PUBLIC "-//Apple Computer//DTD PLIST 1.0//EN" "http://www.apple.com/DTDs/PropertyList-1.0.dtd">
<plist version="1.0">
<dict>
	<key>Major Version</key><integer>1</integer>
	<key>Minor Version</key><integer>1</integer>
	<key>Application Version</key><string>4.7.1</string>
	<key>Music Folder</key><string>file://localhost/C:/Documents%20and%20Settings/Mark/My%20Documents/My%20Music/iTunes/iTunes%20Music/</string>
	<key>Library Persistent ID</key><string>3EC97300F826C428</string>
	<key>Tracks</key>
	<dict>
		<key>35</key>
		<dict>
			<key>Track ID</key><integer>35</integer>
			<key>Name</key><string>Cradle and All (live)</string>
			<key>Artist</key><string>DiFranco, Ani</string>
			<key>Album</key><string>Putumayo Presents Women's Musi</string>
			<key>Genre</key><string>Alternative &#38; Punk</string>
			<key>Kind</key><string>MPEG audio file</string>
			<key>Size</key><integer>4704630</integer>
			<key>Total Time</key><integer>235206</integer>
			<key>Track Number</key><integer>32</integer>
			<key>Date Modified</key><date>2004-06-01T21:38:15Z</date>
			<key>Date Added</key><date>2004-02-14T03:13:38Z</date>
			<key>Bit Rate</key><integer>160</integer>
			<key>Sample Rate</key><integer>44100</integer>
			<key>Comments</key><string>WinDAC32, Lame v.3.63</string>
			<key>Play Count</key><integer>3</integer>
			<key>Play Date</key><integer>-1128859050</integer>
			<key>Play Date UTC</key><date>2004-04-30T00:30:46Z</date>
			<key>Rating</key><integer>80</integer>
			<key>Track Type</key><string>File</string>
			<key>Location</key><string>file://localhost/C:/Documents%20and%20Settings/Mark/My%20Documents/My%20Music/Ani%20Difranco/Ani%20Difranco%20-%20Cradle%20and%20All%20live.mp3/</string>
			<key>File Folder Count</key><integer>-1</integer>
			<key>Library Folder Count</key><integer>-1</integer>
		</dict>
		<key>1134</key>
		<dict>
			<key>Track ID</key><integer>1134</integer>
			<key>Name</key><string>1000 Oceans</string>
			<key>Artist</key><string>Amos, Tori</string>
			<key>Composer</key><string>Tori Amos</string>
			<key>Album</key><string>To Venus And Back (Disc 1)</string>
			<key>Genre</key><string>Alternative &#38; Punk</string>
			<key>Kind</key><string>AAC audio file</string>
			<key>Size</key><integer>4184881</integer>
			<key>Total Time</key><integer>259041</integer>
			<key>Disc Number</key><integer>1</integer>
			<key>Disc Count</key><integer>2</integer>
			<key>Track Number</key><integer>11</integer>
			<key>Track Count</key><integer>11</integer>
			<key>Year</key><integer>1999</integer>
			<key>Date Modified</key><date>2004-06-07T03:08:14Z</date>
			<key>Date Added</key><date>2004-05-23T14:13:56Z</date>
			<key>Bit Rate</key><integer>128</integer>
			<key>Sample Rate</key><integer>44100</integer>
			<key>Rating</key><integer>40</integer>
			<key>Artwork Count</key><integer>1</integer>
			<key>Track Type</key><string>File</string>
			<key>Location</key><string>file://localhost/C:/Documents%20and%20Settings/Mark/My%20Documents/My%20Music/iTunes/iTunes%20Music/Amos,%20Tori/To%20Venus%20And%20Back%20(Disc%201)/1000%20Oceans.m4a/</string>
			<key>File Folder Count</key><integer>4</integer>
			<key>Library Folder Count</key><integer>1</integer>
		</dict>
		<key>1135</key>
		<dict>
			<key>Track ID</key><integer>1135</integer>
			<key>Name</key><string>Precious Things</string>
			<key>Artist</key><string>Amos, Tori</string>
			<key>Composer</key><string>Tori Amos</string>
			<key>Album</key><string>To Venus And Back (Disc 2) [Live]</string>
			<key>Genre</key><string>Alternative &#38; Punk</string>
			<key>Kind</key><string>AAC audio file</string>
			<key>Size</key><integer>7419488</integer>
			<key>Total Time</key><integer>457409</integer>
			<key>Disc Number</key><integer>2</integer>
			<key>Disc Count</key><integer>2</integer>
			<key>Track Number</key><integer>1</integer>
			<key>Track Count</key><integer>13</integer>
			<key>Year</key><integer>1999</integer>
			<key>Date Modified</key><date>2004-06-07T02:07:59Z</date>
			<key>Date Added</key><date>2004-05-23T14:18:03Z</date>
			<key>Bit Rate</key><integer>128</integer>
			<key>Sample Rate</key><integer>44100</integer>
			<key>Play Count</key><integer>1</integer>
			<key>Play Date</key><integer>-1125570136</integer>
			<key>Play Date UTC</key><date>2004-06-07T02:06:00Z</date>
			<key>Rating</key><integer>80</integer>
			<key>Artwork Count</key><integer>1</integer>
			<key>Track Type</key><string>File</string>
			<key>Location</key><string>file://localhost/C:/Documents%20and%20Settings/Mark/My%20Documents/My%20Music/iTunes/iTunes%20Music/Amos,%20Tori/To%20Venus%20And%20Back%20(Disc%202)%20%5BLive%5D/Precious%20Things.m4a/</string>
			<key>File Folder Count</key><integer>4</integer>
			<key>Library Folder Count</key><integer>1</integer>
		</dict>
		<key>1137</key>
		<dict>
			<key>Track ID</key><integer>1137</integer>
			<key>Name</key><string>Cornflake Girl</string>
			<key>Artist</key><string>Amos, Tori</string>
			<key>Composer</key><string>Tori Amos</string>
			<key>Album</key><string>To Venus And Back (Disc 2) [Live]</string>
			<key>Genre</key><string>Alternative &#38; Punk</string>
			<key>Kind</key><string>AAC audio file</string>
			<key>Size</key><integer>6359628</integer>
			<key>Total Time</key><integer>391976</integer>
			<key>Disc Number</key><integer>2</integer>
			<key>Disc Count</key><integer>2</integer>
			<key>Track Number</key><integer>3</integer>
			<key>Track Count</key><integer>13</integer>
			<key>Year</key><integer>1999</integer>
			<key>Date Modified</key><date>2004-06-07T03:08:00Z</date>
			<key>Date Added</key><date>2004-05-23T14:20:21Z</date>
			<key>Bit Rate</key><integer>128</integer>
			<key>Sample Rate</key><integer>44100</integer>
			<key>Rating</key><integer>60</integer>
			<key>Artwork Count</key><integer>1</integer>
			<key>Track Type</key><string>File</string>
			<key>Location</key><string>file://localhost/C:/Documents%20and%20Settings/Mark/My%20Documents/My%20Music/iTunes/iTunes%20Music/Amos,%20Tori/To%20Venus%20And%20Back%20(Disc%202)%20%5BLive%5D/Cornflake%20Girl.m4a/</string>
			<key>File Folder Count</key><integer>4</integer>
			<key>Library Folder Count</key><integer>1</integer>
		</dict>
	</dict>
</dict>
</plist>
